{"cameraMode":{"drawMode":0,"name":"Shaded","section":"Shading Mode"},"sceneLighting":true,"audioPlay":false,"sceneViewState":{"showFog":true,"showMaterialUpdate":true,"showSkybox":true,"showFlares":true,"showImageEffects":true,"showParticleSystems":true},"in2DMode":false,"pivot":{"x":-16.679523468017579,"y":17.04270362854004,"z":-32.37873077392578},"rotation":{"x":-0.1435360461473465,"y":-0.2771918773651123,"z":0.04167911782860756,"w":-0.9493086338043213},"size":0.6461895704269409,"orthographic":false}