{"cameraMode":{"drawMode":0,"name":"Shaded","section":"Shading Mode"},"sceneLighting":true,"audioPlay":false,"sceneViewState":{"showFog":true,"showMaterialUpdate":true,"showSkybox":true,"showFlares":true,"showImageEffects":true,"showParticleSystems":true},"in2DMode":false,"pivot":{"x":-170.9107666015625,"y":-124.66053009033203,"z":294.3761291503906},"rotation":{"x":0.18998506665229798,"y":-0.2580978572368622,"z":0.05124342069029808,"w":0.9461992383003235},"size":173.7517547607422,"orthographic":false}