{"cameraMode":{"drawMode":0,"name":"Shaded","section":"Shading Mode"},"sceneLighting":true,"audioPlay":false,"sceneViewState":{"showFog":true,"showMaterialUpdate":true,"showSkybox":true,"showFlares":true,"showImageEffects":true,"showParticleSystems":true},"in2DMode":false,"pivot":{"x":-50.98430633544922,"y":-18.393211364746095,"z":33.83247375488281},"rotation":{"x":-0.1855679452419281,"y":0.4575135409832001,"z":-0.09817908704280853,"w":-0.8641340732574463},"size":51.993736267089847,"orthographic":false}