{"cameraMode":{"drawMode":0,"name":"Shaded","section":"Shading Mode"},"sceneLighting":true,"audioPlay":false,"sceneViewState":{"showFog":true,"showMaterialUpdate":true,"showSkybox":true,"showFlares":true,"showImageEffects":true,"showParticleSystems":true},"in2DMode":false,"pivot":{"x":-66.89315795898438,"y":-17.76024627685547,"z":52.8016242980957},"rotation":{"x":-0.1307545155286789,"y":0.33582744002342226,"z":-0.0473971925675869,"w":-0.9318346381187439},"size":52.034854888916019,"orthographic":false}