{"cameraMode":{"drawMode":0,"name":"Shaded","section":"Shading Mode"},"sceneLighting":true,"audioPlay":false,"sceneViewState":{"showFog":true,"showMaterialUpdate":true,"showSkybox":true,"showFlares":true,"showImageEffects":true,"showParticleSystems":true},"in2DMode":false,"pivot":{"x":3.3699159622192385,"y":15.693251609802246,"z":-14.102771759033204},"rotation":{"x":0.3278527557849884,"y":0.050667423754930499,"z":-0.01764640212059021,"w":0.9432981014251709},"size":4.015183925628662,"orthographic":false}