{"cameraMode":{"drawMode":0,"name":"Shaded","section":"Shading Mode"},"sceneLighting":true,"audioPlay":false,"sceneViewState":{"showFog":true,"showMaterialUpdate":true,"showSkybox":true,"showFlares":true,"showImageEffects":true,"showParticleSystems":true},"in2DMode":false,"pivot":{"x":-158.6796417236328,"y":-43.17499542236328,"z":60.563743591308597},"rotation":{"x":-0.1213972270488739,"y":0.49711617827415469,"z":-0.0708637610077858,"w":-0.8564863801002502},"size":86.48896026611328,"orthographic":false}